01d60181-5762-4603-831e-08a29d3ebb5d,"Antonio Ruiz","16683 Jacqueline Camp
Brownfurt, MT 44580"
01d60181-5762-4603-831e-08a29d3ebb5d,"Christie Delgado","269 Watson Stravenue Suite 496
South Margaretville, MS 18330"
03002163-c9d9-42e9-81c9-a9ca83476d5c,"Carla Hill","72035 Joseph Curve
Lake Jefftown, NC 92963"
06145a48-2fde-47da-8214-22e48b8af3b2,"Candice Kennedy","5535 Scott Lane
New Sethbury, WA 94277"
18c9ef45-b7fe-41f5-a2be-fdb4e404861e,"Anna Garza","2487 Francisco Roads Apt. 430
Kimmouth, SC 20348"
18c9ef45-b7fe-41f5-a2be-fdb4e404861e,"Carla Hill","72035 Joseph Curve
Lake Jefftown, NC 92963"
19f0933c-abec-487d-a928-624089147d1d,"Veronica Lewis","2147 Duran Fords
Brucemouth, CA 16017"
1a27e91f-64b3-4240-a4b3-347d65bde039,"Lisa Hayes","5924 Williams Estate
South Mariaville, WA 53358"
1a55e793-6b5a-4975-9bb9-e7614cbb6184,"Joshua Baxter","9435 Lisa Cove
New Nicholefurt, LA 13085"
1db131ad-f05a-4f84-9ae9-c1e4ffe21dd1,"Marc Rogers","2016 Hailey Mountain Apt. 925
Lake Dianaberg, ID 09712"
20764109-e583-4a41-86d3-5244ef812008,"Amanda Farrell","077 Allen Stravenue
New Triciachester, DE 07164"
20764109-e583-4a41-86d3-5244ef812008,"Kathy Martinez","842 Odonnell Street Suite 319
Jacobview, RI 88085"
208bdd75-0bf7-40cb-a349-6daf73ec6f35,"Jose Stone","Unit 2110 Box 1697
DPO AA 62187"
208bdd75-0bf7-40cb-a349-6daf73ec6f35,"Justin Mitchell","9974 Beltran Village
Lake Maryburgh, NH 72737"
229edecf-522e-4b6b-90a7-c485e1adc752,"Jeanne Peck","38398 Joel Drives
Kyleburgh, NE 12859"
28735478-ea77-4dc9-b1a0-d3b47c80bf3f,"Miguel West","Unit 2247 Box 7681
DPO AP 22994"
29463cc7-5618-4fd8-b6df-f754dd3411f2,"Jerry Carey","86989 Mitchell Junctions
New Brandonville, MS 79916"
29463cc7-5618-4fd8-b6df-f754dd3411f2,"Kathy Martinez","842 Odonnell Street Suite 319
Jacobview, RI 88085"
29463cc7-5618-4fd8-b6df-f754dd3411f2,"Megan Ayers","0731 Amanda Pass
Margaretfort, NM 34114"
29463cc7-5618-4fd8-b6df-f754dd3411f2,"Zachary Long","585 Amy Villages
Williamsmouth, MI 19757"
2ca6cf13-24d0-4a05-9b2e-ad457cdee975,"Erin Lucas","8682 Jason Radial Apt. 741
Lake Heather, ND 63504"
2d93f87d-85c0-4805-af42-b8fb930a4c61,"Sonya Turner","096 Ward Orchard
Robinsonshire, KS 67533"
2fa2655f-8a31-4481-978f-693f116e25bb,"Melissa Jackson","Unit 9013 Box 2172
DPO AP 05333"
328ffcc4-3464-41a7-b09a-cc30ceea1206,"James Mann","USCGC Villegas
FPO AA 95417"
392a366f-8f93-4b00-bc66-06a2a8f229d9,"Catherine Jordan","32830 Martin Harbors Apt. 893
Gallowayfort, IA 16424"
392a366f-8f93-4b00-bc66-06a2a8f229d9,"Timothy Byrd","USNV Mcguire
FPO AE 69511"
39c78fb3-a58a-4759-98d9-65850c35c8e6,"Lauren Hayden","2515 Robinson Lock Apt. 476
South Ashley, MN 15963"
3bef45ef-786f-4ba8-9de5-20ad95c45046,"Megan Garza","19421 Mitchell Station
South Vanessa, VA 36979"
44315d2c-545a-43f0-8ef1-5fb4fe3145f2,"Scott Jennings","305 Hudson Trafficway
Ruthton, FL 89783"
454af390-4b36-48a1-b8c7-90f3b8a726a5,"Michael Stone","6529 Paul Lakes Apt. 074
Frankhaven, NE 28695"
463d6150-045a-4b18-a60d-ac6886f1744f,"Brittany Bullock","3618 Christopher Mountains Apt. 004
East Tracymouth, PA 50410"
49f59412-a621-45c7-90b3-a6fd08d7338b,"Alexis Jones","9919 Williams Fords Apt. 204
Ashleymouth, MO 20181"
49f59412-a621-45c7-90b3-a6fd08d7338b,"Angela Garcia","633 Nelson Trace
Lake Dana, NM 08519"
49f59412-a621-45c7-90b3-a6fd08d7338b,"Theresa Rose","USCGC Smith
FPO AE 34335"
509db551-1e3f-4a37-aa77-6da06109f9fe,"Phyllis Bass","3101 Sanchez Forest
West Sherryshire, ID 49349"
558bb7c5-3d0b-4b0d-9bb3-5fae51deaf6b,"Michael Matthews","Unit 0165 Box 5973
DPO AA 50237"
56180a95-64c1-4107-8916-32aa79e2ae10,"Brenda Martin","PSC 8225, Box 7171
APO AA 73967"
5641c00e-ccf7-4abc-a0fa-4ba32b94ceb7,"Meredith Stone","66371 Woodard Turnpike Suite 294
New Diana, TN 49807"
599b30c9-73e9-4da3-bac0-126e5d72cbdc,"Darryl Garcia","1797 Hurst Pines
Morseport, HI 09329"
5cfbd342-3fd6-46ad-8774-dbbd15f407b6,"Helen Peterson","827 Christina Meadows
Seanburgh, CO 94874"
617e8a42-ea5e-4f58-bbd0-33833b1643b1,"Donna Hernandez","67468 Villarreal Pike
Lake Timothy, LA 90460"
622ce17b-e54b-4c2d-9b33-d35d6f050304,"Jesse Acevedo Jr.","9977 Shannon Greens Apt. 008
Longberg, WY 59259"
63cbac27-df13-49da-9f5a-6476b4e19a60,"Richard Strickland","PSC 8481, Box 0818
APO AA 55823"
652a9f4b-7ba9-417e-a1a7-86104c80ae45,"Helen Peterson","827 Christina Meadows
Seanburgh, CO 94874"
65a90fe4-83fa-4926-bf27-2977a0892c04,"Alexander Freeman","92181 Regina Wells
East Charles, KY 37096"
6ae7d500-ed37-4975-909f-3cb581015026,"Charles Rangel","898 Thomas Streets Suite 751
West Elizabeth, UT 20089"
6b9bb134-eae5-4de6-8a2f-bc983413d05f,"Kara Medina","2484 Brown Ford
Toniport, HI 33561"
70cc6ea7-d281-4ba2-8f93-170f19ff1b6b,"Candice Bautista","01232 Jimmy Walk
South Lancefort, ND 68641"
70cc6ea7-d281-4ba2-8f93-170f19ff1b6b,"Jonathan Calderon","USCGC Torres
FPO AP 96227"
70cc6ea7-d281-4ba2-8f93-170f19ff1b6b,"Sherry Davis","5380 Tina Expressway
New Chad, AK 66622"
7512b0ce-7e81-4257-aa59-55114363ea79,"Terry Madden","6044 Morris Crossroad Apt. 858
Port Summer, MS 52629"
75cd82a1-4348-494b-bec2-61a524ba22aa,"Ashley Richardson","57705 Cook Divide
West Victoria, AR 66375"
75fb2267-04fa-4072-bbeb-7adc9a59ed43,"Katie Montgomery","5734 Mack Lights
Port Joy, IA 20235"
78cab7b0-3098-4b09-b8c3-76f3756750f7,"Sarah Weeks","148 Christopher Burgs
Adkinsfort, MT 23779"
7c5d3539-9c40-4453-b302-1351f1701015,"Michael Hendrix","79852 Johnson Estates Apt. 247
North Kathleenton, CA 36942"
81d35187-72a3-4b4a-a5ad-9f1f46b35275,"Michael Smith","9178 Mark Ford Apt. 254
Jeffreyville, WY 24884"
85c6254d-acfc-44dd-90f8-df3147334443,"Joshua Barker","502 Smith Groves
Leeside, MI 78038"
8e0fcfde-0e44-48ec-a334-66e5a5de3c3f,"Michael Jordan","83181 Aaron Point Apt. 047
South Jeffrey, OK 97210"
9174c5b3-8c03-4609-8e6a-7df247c07d39,"Matthew Oneill","5146 Bailey Manor
Lake Johnton, UT 65562"
91baa07a-6a0d-4f5e-9c2b-9cd161a9692d,"Ronnie Nunez","USNV Smith
FPO AA 70974"
9366db20-3111-4a4b-b3a6-89c9db71f2e9,"Charles Lewis","001 Macias Crest Suite 656
North Sandra, CT 45877"
985bc0df-4660-46d9-96af-e51dac9d6d6e,"Timothy Williams","81811 Sara Divide Apt. 161
Port Catherinefurt, OK 81457"
9cd45862-a6ec-4608-a71e-e0a9407f91ed,"Daniel Marsh","PSC 3046, Box 1965
APO AE 92530"
9dd7c0ab-f10b-45d6-a890-b834c1c840b3,"Jacob Miller","24463 Ashley Squares
Christianmouth, NV 80961"
9de103b6-c40f-485a-b388-bc62edd52120,"Joshua Mcclure","52795 Shaffer Terrace
Stokesport, SC 43450"
9de103b6-c40f-485a-b388-bc62edd52120,"Vincent Jackson","619 Sanchez Mountains Apt. 355
Houseland, NC 36317"
a18d01d8-8fdb-4e51-8f9d-dd71d64c1a04,"Stephanie Maxwell","7822 Mark Stravenue Suite 962
Kaiserhaven, VA 56712"
a1b1a44d-1138-4a79-b606-e90b93b060f1,"Lisa Jackson","USS Fisher
FPO AP 14350"
a2e260cb-ca98-4e93-8122-3e3f8464f076,"Mary Richards","9437 Shawn Field
New Dennisside, UT 69859"
a6bbc500-af2e-415e-a209-1583d916050e,"Cassandra Ryan","8209 Torres Meadow Apt. 695
Michaelmouth, OH 15894"
a6bbc500-af2e-415e-a209-1583d916050e,"Kenneth Jones","4067 Williams Light Apt. 230
Port Jennaberg, VT 54495"
a86de111-6ded-4b3f-950e-889c27da64e6,"Christina Johnson","501 Schmidt Cape
Stephenbury, RI 93593"
a8bc4d70-6d87-4d52-a94b-9040e47d0479,"Brandy Osborne","8208 Williams Lodge Suite 860
South Theresa, MS 08949"
a98a0ce3-e6d3-4060-8438-5c68afa9d8c8,"Kristen Ray","794 Andrews Mill
Tuckerstad, LA 38069"
b479aa17-6745-4cbb-81dc-c7a494530554,"Andrew Owens Jr.","25871 Kyle View
Farmerborough, NM 02328"
b4ca6e2a-ca4f-4e00-8adc-9cf6edf65301,"Darren Love","43640 Schultz Walk
West Jamesbury, AK 91324"
b4ca6e2a-ca4f-4e00-8adc-9cf6edf65301,"Meredith Stone","66371 Woodard Turnpike Suite 294
New Diana, TN 49807"
b641ab1a-a7ed-4694-9fb7-ebb5910f0229,"Richard Cook","2934 Jill Dam
Annachester, AZ 69923"
b85c1a6e-6dbc-4a0d-a54b-4d3f38916757,"Danny Harllee","17943 Brown Grove
New Andreshire, SD 31273"
c0931e52-aadf-4560-ba52-fc6209486ed7,"Sabrina Brown MD","3261 Garcia Spur
East Ashleyville, ME 92714"
c0931e52-aadf-4560-ba52-fc6209486ed7,"Stacy Shah","015 Manuel Dale
North Jeffrey, SC 43006"
c1cd37a3-a0c8-42f5-bb7a-3837cea026a6,"Alyssa Carroll","1785 Griffin Oval
South Courtneyville, ND 51420"
c9a52d57-5d00-4339-a69a-cc4d08a2b2ae,"Carolyn Roy","USCGC Yates
FPO AA 60364"
cf37216e-45a8-4cf1-bffb-61767758558c,"Wendy Velasquez","5456 Larson Highway Apt. 397
North Cynthia, SC 62317"
d05384f2-31dc-4299-8074-72ffc2dc7b23,"Dalton Lopez PhD","1075 King Isle Apt. 354
Josephstad, VT 72140"
d401af62-8af0-43c0-a1c9-648894424201,"Jeffrey Adkins","USCGC Morales
FPO AE 31723"
d87773c1-eb94-4d2d-9156-68e59184c2eb,"Patricia Robinson","839 Dan Course Apt. 238
South Stephanie, NV 15247"
dc7e5359-4ab4-423e-b18c-1e7fba1e9801,"Jeremiah Key","18066 Laura Ridges
Anthonychester, OR 41989"
dd7d8584-009b-43d7-946c-3a95b609a919,"Kimberly Copeland","488 Brandi Ridge Apt. 501
North Samantha, ND 92375"
dd7d8584-009b-43d7-946c-3a95b609a919,"Louis Davis","PSC 7498, Box 5017
APO AA 82769"
dd7d8584-009b-43d7-946c-3a95b609a919,"Morgan Morris","030 Ho Cliffs
Yorkmouth, IN 66922"
dd7d8584-009b-43d7-946c-3a95b609a919,"Mr. Michael Burke Jr.","3529 Martha Common
Justinfurt, OH 55769"
ddb5ff5c-606f-4771-bc4a-32f86b5b6c5b,"Jacob Miller","24463 Ashley Squares
Christianmouth, NV 80961"
df1aca66-416e-476c-9419-944c811c8406,"Karina Clark","7179 Bradley Common
Richardberg, AZ 55404"
e46f7768-55eb-49f0-8575-0572ae3eff1c,"Matthew Parker","72756 Rhonda Way Apt. 359
New Amandamouth, SC 18777"
e4ab2e69-5ce3-44a1-91e5-bf9edc885ba0,"Michael Hudson","4674 Eric Groves
South Adam, DE 95125"
e7e599a2-b5f9-4306-8644-e6556f8c4f82,"Lauren Jones","PSC 8804, Box 9912
APO AE 12055"
e910be33-63f3-4b0a-b038-fdc3535070b7,"Jeremy Jennings","706 Christopher Summit
Port Carly, SC 35759"
e910be33-63f3-4b0a-b038-fdc3535070b7,"Michelle Fuller","6332 Price Mews
West Kayleeview, RI 69761"
ec912bf8-2a30-47ba-8683-4aab8ed10b0c,"Elizabeth Pacheco","3439 Hoover Unions Apt. 998
Patriciastad, MA 08023"
edae7419-a533-4f30-895f-106e5a35303e,"Nicole Thompson","Unit 8297 Box 5608
DPO AE 16226"
ef13d2e3-0b8d-4cf6-8884-f63d34d38d30,"Monique White","13155 Michael Union
Odonnellville, MD 69399"
f0672f1f-d463-4e2e-9e2e-71bcf239cc7f,"Dustin Wagner","30253 Patterson Heights
New Michelleburgh, MT 36286"
f0775672-d161-4ba3-8afd-61563d8f0e1e,"Michael Harris","771 Shelly Wall
North Lisa, NH 52400"
f3b09162-ebd4-4a22-89f7-a7ddbab59c3e,"Andrew Owens Jr.","25871 Kyle View
Farmerborough, NM 02328"
f4a122ac-1e4b-4148-b825-df3423982164,"Katherine Glass","373 Jeffrey Plain Suite 316
Russellville, NE 58003"
f6259f62-f833-41ed-910c-41ee8aede8ad,"Alicia Jones","PSC 4034, Box 1037
APO AE 01284"
f8eab453-299f-4405-b95b-1e171943352b,"Benjamin Black","0556 Kim Streets
New Bryanburgh, MI 92613"
fda350bd-4bd5-4450-87c9-58f5c29e705c,"Jerry Obrien","528 Allison Summit Suite 029
South Josephburgh, NY 11712"