01d60181-5762-4603-831e-08a29d3ebb5d,"Tyler Evans","0031 Teresa Path Apt. 577
New Amanda, RI 31951",available,"6595 Rice Hill
Lawrencemouth, NE 64294"
03002163-c9d9-42e9-81c9-a9ca83476d5c,"Jeffery Garcia","63238 Sharon Field Apt. 382
Pittsfurt, GA 91043",available,"49059 Jose Route Suite 770
Teresashire, DE 47738"
06145a48-2fde-47da-8214-22e48b8af3b2,"Joshua Sherman","4776 Lambert Gateway Suite 072
South Danaborough, KY 83929",available,"08835 Burgess Groves Apt. 914
Russellborough, TX 34656"
18c9ef45-b7fe-41f5-a2be-fdb4e404861e,"Crystal Lynch","98230 Melendez Avenue Suite 096
Devinfurt, AK 52515",available,"43933 Long Fields Suite 080
Warrenville, NE 40004"
19f0933c-abec-487d-a928-624089147d1d,"Chad Scott","PSC 4484, Box 9126
APO AA 93176",available,"50985 Becker Island Suite 164
Mcculloughfort, GA 81346"
1a27e91f-64b3-4240-a4b3-347d65bde039,"James Smith","6594 Barry Shoal
Connieport, TN 13127",available,"322 Jose Cape Apt. 612
East Brookeborough, MS 31616"
1a55e793-6b5a-4975-9bb9-e7614cbb6184,"Stacy Shah","015 Manuel Dale
North Jeffrey, SC 43006",available,"20982 Pollard Stream
West Barbara, OR 39079"
1db131ad-f05a-4f84-9ae9-c1e4ffe21dd1,"Juan Richards","978 Romero Crescent Suite 494
Reesebury, NE 66114",available,"9177 Jones Mountain Apt. 987
Lake Thomas, MA 51358"
20764109-e583-4a41-86d3-5244ef812008,"Morgan Morris","030 Ho Cliffs
Yorkmouth, IN 66922",available,"155 Hobbs Street
East Don, OK 28178"
208bdd75-0bf7-40cb-a349-6daf73ec6f35,"Michael Matthews","Unit 0165 Box 5973
DPO AA 50237",available,"2221 Brown Crest
Weberton, CT 35678"
229edecf-522e-4b6b-90a7-c485e1adc752,"Randy Wong","5623 Meyers Plain Apt. 158
Dennistown, OR 98447",available,"83467 John Center Suite 014
Collinsland, NY 95823"
28735478-ea77-4dc9-b1a0-d3b47c80bf3f,"Anthony Dickson","0371 Pearson Springs Suite 321
Haileyborough, FL 97080",available,"6682 Hamilton Cliffs Apt. 474
East Courtneyview, DC 54099"
29463cc7-5618-4fd8-b6df-f754dd3411f2,"Anthony Fernandez","227 Brian Corner
Booneburgh, MD 40097",available,"USS Allen
FPO AE 24012"
2ca6cf13-24d0-4a05-9b2e-ad457cdee975,"Stephanie Anderson","45779 Julie Villages
Hallton, NE 59972",available,"98057 Porter Squares Apt. 943
Lake Jonathantown, NV 82993"
2d93f87d-85c0-4805-af42-b8fb930a4c61,"Autumn Rush","068 Maria Forge
Millerbury, MS 28685",available,"38818 Marshall Forges Suite 087
Stevenland, KS 30481"
2fa2655f-8a31-4481-978f-693f116e25bb,"Charles Lewis","001 Macias Crest Suite 656
North Sandra, CT 45877",available,"8064 Stewart Courts Suite 019
Sabrinamouth, NH 48782"
328ffcc4-3464-41a7-b09a-cc30ceea1206,"Jessica Wilson","1231 Sarah Drive
South Tiffanyfurt, MA 05245",available,"6755 Johnny Orchard Suite 778
North Zachary, AL 24632"
392a366f-8f93-4b00-bc66-06a2a8f229d9,"John Gilmore","66505 Alexis Row
North Zacharyview, LA 85306",available,"6438 Gamble Coves
Lake Johnberg, AK 66419"
39c78fb3-a58a-4759-98d9-65850c35c8e6,"Joshua Bowman","097 Gibbs Expressway Suite 544
East Johnstad, OR 19159",available,"195 Rodriguez Heights Apt. 312
Lake Xavierport, ME 79480"
3bef45ef-786f-4ba8-9de5-20ad95c45046,"Abigail Martinez","7157 April Village
Catherineport, IA 05103",available,"Unit 2578 Box 9357
DPO AP 43091"
44315d2c-545a-43f0-8ef1-5fb4fe3145f2,"Alyssa Burgess","72192 Joshua Mountains
Hooverberg, IN 49845",available,"2327 Carolyn Branch
Melanieville, ME 67756"
454af390-4b36-48a1-b8c7-90f3b8a726a5,"Phillip Taylor","340 Roman Avenue
South Johnfurt, DC 24345",available,"190 Daniel Locks Apt. 113
West Shelbyside, NC 38307"
463d6150-045a-4b18-a60d-ac6886f1744f,"Stephen Fitzgerald","40748 Burke Well Apt. 335
New Christinachester, WI 78732",available,"4686 Tran Mission
South Adammouth, HI 93649"
49f59412-a621-45c7-90b3-a6fd08d7338b,"Kimberly Williams","16983 Dunn Expressway
South Frederickmouth, WV 53585",available,"USNS Walters
FPO AP 73544"
509db551-1e3f-4a37-aa77-6da06109f9fe,"Trevor Morris","026 Thompson Spring
Jimenezville, VT 56279",available,"5236 Harrison Forge Suite 715
Lake Bradybury, MS 19495"
558bb7c5-3d0b-4b0d-9bb3-5fae51deaf6b,"Stephen Guerrero","343 Carol Ridges
Aprilville, NH 06008",available,"6119 David Roads Suite 761
Mcneilton, NY 78606"
56180a95-64c1-4107-8916-32aa79e2ae10,"Michael Johnson","27339 Gonzalez Tunnel Apt. 277
Lake Jenniferfurt, CA 10239",available,"6616 Beasley Via Suite 877
Lake Shawn, WA 66301"
5641c00e-ccf7-4abc-a0fa-4ba32b94ceb7,"Robert Munoz","57149 Sharp Station
Patriciamouth, CA 92500",available,"Unit 2342 Box 2312
DPO AE 60038"
599b30c9-73e9-4da3-bac0-126e5d72cbdc,"Elizabeth Marshall","4183 Nicole Isle Apt. 055
Kennethhaven, NM 90103",available,"9807 Hoffman Drives Apt. 246
Sandersstad, KY 34030"
5cfbd342-3fd6-46ad-8774-dbbd15f407b6,"Joseph Mosley","14281 Angela Glen Apt. 890
Port Juliehaven, CT 42395",available,"194 Smith Bridge
Wrighthaven, ME 94539"
617e8a42-ea5e-4f58-bbd0-33833b1643b1,"Meredith Stone","66371 Woodard Turnpike Suite 294
New Diana, TN 49807",available,"398 Odom Lock
Tiffanyfort, WI 47512"
622ce17b-e54b-4c2d-9b33-d35d6f050304,"Anthony Fernandez","227 Brian Corner
Booneburgh, MD 40097",available,"Unit 8900 Box 5274
DPO AP 47406"
63cbac27-df13-49da-9f5a-6476b4e19a60,"Rachel Lee","217 Deborah Station Apt. 295
Rayfort, SC 35414",available,"111 Cline Springs Apt. 553
Benjaminshire, MA 57613"
652a9f4b-7ba9-417e-a1a7-86104c80ae45,"Jeremy Romero","2029 Nicole Shoals Suite 206
West Maxwelltown, FL 52111",available,"PSC 5751, Box 5289
APO AA 74116"
65a90fe4-83fa-4926-bf27-2977a0892c04,"Craig Johnson","28815 Eric Views Apt. 722
Lake Anne, NE 56674",available,"93446 Price Junction Apt. 599
Richardhaven, OK 15659"
6ae7d500-ed37-4975-909f-3cb581015026,"Morgan Morris","030 Ho Cliffs
Yorkmouth, IN 66922",available,"3118 Laura Pines Apt. 428
North Aliciashire, NH 08772"
6b9bb134-eae5-4de6-8a2f-bc983413d05f,"William Daniels","Unit 2571 Box 9151
DPO AE 29001",available,"900 Frazier Alley
Lake Richardbury, DC 82345"
70cc6ea7-d281-4ba2-8f93-170f19ff1b6b,"Lauren Hayden","2515 Robinson Lock Apt. 476
South Ashley, MN 15963",available,"26959 Johnston Forge
Woodborough, NE 95695"
7512b0ce-7e81-4257-aa59-55114363ea79,"Daniel Stuart","46706 Angelica Plaza
New Felicia, DE 73138",available,"043 Hall Crest
Arnoldbury, ND 92823"
75cd82a1-4348-494b-bec2-61a524ba22aa,"Charles Hernandez","4009 Watkins Turnpike
New Ian, MS 77788",available,"5982 Clark Vista
New Elizabeth, CT 76612"
75fb2267-04fa-4072-bbeb-7adc9a59ed43,"Anthony Fernandez","227 Brian Corner
Booneburgh, MD 40097",available,"5844 Brad Drives Apt. 713
Lake Dianemouth, IA 74152"
78cab7b0-3098-4b09-b8c3-76f3756750f7,"Cody Garcia","48620 Tara Spurs
Lake Michael, MD 32506",available,"527 Daniel Streets
North Monicastad, OR 89957"
7c5d3539-9c40-4453-b302-1351f1701015,"Timothy Rich","55409 Johnny Throughway
Gardnerview, CO 24728",available,"01964 Michael Garden
New Elijahfort, HI 88776"
81d35187-72a3-4b4a-a5ad-9f1f46b35275,"Kevin Morris","57837 Hayden Rue
New Jordanside, AR 72965",available,"87664 Gardner Corners Apt. 120
Wyattberg, AL 99494"
85c6254d-acfc-44dd-90f8-df3147334443,"Anthony Fernandez","227 Brian Corner
Booneburgh, MD 40097",available,"560 Mary Trafficway
New Chloe, CA 53959"
8e0fcfde-0e44-48ec-a334-66e5a5de3c3f,"Stephen Kirby","834 Williams Squares
Strongbury, MO 08393",available,"201 Odom Grove
New Lisamouth, ME 39357"
9174c5b3-8c03-4609-8e6a-7df247c07d39,"Timothy Byrd","USNV Mcguire
FPO AE 69511",available,"072 Benton Motorway
New Stephaniemouth, MN 61516"
91baa07a-6a0d-4f5e-9c2b-9cd161a9692d,"Bridget Harvey","6306 Justin Parks Suite 042
Joelfort, MO 61752",available,"73404 Peterson Crossing
Lake Robertfurt, MA 37748"
9366db20-3111-4a4b-b3a6-89c9db71f2e9,"Ronald Francis","68931 Collins Lodge Suite 679
Heatherberg, KY 56087",available,"Unit 5586 Box 9472
DPO AP 37700"
985bc0df-4660-46d9-96af-e51dac9d6d6e,"Tina Warner","6147 Rachael Groves Suite 756
Andersonberg, NE 49741",available,"8722 Brown Plaza Apt. 306
Heatherchester, NC 02454"
9cd45862-a6ec-4608-a71e-e0a9407f91ed,"Daniel Leonard","228 Ho Light Suite 364
South John, UT 81061",available,"288 Joel Forge Suite 490
Williambury, KY 10378"
9dd7c0ab-f10b-45d6-a890-b834c1c840b3,"Matthew Jenkins","89142 Sandra Land
Lake Davidburgh, KY 09628",in_use,"68301 Hudson Field Suite 665
Davidfurt, WY 37372"
9de103b6-c40f-485a-b388-bc62edd52120,"Stacy Shah","015 Manuel Dale
North Jeffrey, SC 43006",available,"166 Adam Locks Apt. 813
Morristown, CT 09109"
a18d01d8-8fdb-4e51-8f9d-dd71d64c1a04,"Phillip Taylor","340 Roman Avenue
South Johnfurt, DC 24345",available,"2462 Laura Point
Matthewmouth, ID 75800"
a1b1a44d-1138-4a79-b606-e90b93b060f1,"Jesse Rojas","98966 Sean Isle Apt. 527
Kathyport, HI 38315",available,"759 William Lane Suite 808
Allisonmouth, HI 23069"
a2e260cb-ca98-4e93-8122-3e3f8464f076,"Matthew Alvarez","93453 Jason Drives
Alexandertown, CA 51009",available,"39327 Tina Drive Apt. 450
Matthewfurt, IL 43423"
a6bbc500-af2e-415e-a209-1583d916050e,"Spencer Owens","USS Johnson
FPO AP 22637",available,"7036 Thomas Run
West Erica, SC 45687"
a86de111-6ded-4b3f-950e-889c27da64e6,"Amy Hernandez","46312 Morgan Parks
Erinstad, TX 15213",available,"7113 Orr Ridge
Christophertown, AL 03113"
a8bc4d70-6d87-4d52-a94b-9040e47d0479,"Robert Cummings","15063 Rollins Oval
New Rebecca, RI 26270",available,"027 Foster Fort Apt. 931
South Rita, WI 34463"
a98a0ce3-e6d3-4060-8438-5c68afa9d8c8,"Johnny Bryant","1221 Combs Burgs Suite 678
Jamesfurt, MO 26075",available,"4240 Klein Vista Suite 211
West Thomasburgh, NV 32681"
b479aa17-6745-4cbb-81dc-c7a494530554,"Jack Schmidt","0804 Lindsay Branch
North Thomas, NJ 00854",available,"61841 Christian Locks Suite 613
Santiagoshire, IA 07436"
b4ca6e2a-ca4f-4e00-8adc-9cf6edf65301,"Edward Martinez","5890 Small Canyon
Johnsonbury, WI 91968",available,"99692 Barker Island
Michaelbury, RI 98862"
b641ab1a-a7ed-4694-9fb7-ebb5910f0229,"Beth Flores","USS Reyes
FPO AP 16429",available,"22960 Butler Extensions Apt. 963
East Jeffreyville, MO 49115"
b85c1a6e-6dbc-4a0d-a54b-4d3f38916757,"Sonya Turner","096 Ward Orchard
Robinsonshire, KS 67533",available,"2988 Hernandez Junctions Apt. 396
Baileyburgh, IA 15358"
c0931e52-aadf-4560-ba52-fc6209486ed7,"Mary Richards","9437 Shawn Field
New Dennisside, UT 69859",available,"26505 Flores Dam Suite 036
Hodgesfurt, IL 00971"
c1cd37a3-a0c8-42f5-bb7a-3837cea026a6,"Timothy Byrd","USNV Mcguire
FPO AE 69511",available,"6843 Cox Square
Nathanland, KY 33977"
c9a52d57-5d00-4339-a69a-cc4d08a2b2ae,"Karen Gomez","Unit 0088 Box 5034
DPO AP 52915",available,"179 Rachel Port
North Robertview, AR 87800"
cf37216e-45a8-4cf1-bffb-61767758558c,"Jack Schmidt","0804 Lindsay Branch
North Thomas, NJ 00854",available,"3218 Arellano Springs
West Markberg, MA 39274"
d05384f2-31dc-4299-8074-72ffc2dc7b23,"Joseph Solis","02542 Vincent Landing
New Erinview, SD 02446",available,"81412 Evans Square Apt. 933
Adamsmouth, NM 37538"
d401af62-8af0-43c0-a1c9-648894424201,"Philip Mullins","USS Hutchinson
FPO AE 52756",available,"67586 Joy Springs Apt. 915
West Angela, NH 02167"
d87773c1-eb94-4d2d-9156-68e59184c2eb,"Logan Woods","946 Christina Island Apt. 914
Tapiaberg, KS 79284",available,"PSC 0115, Box 7466
APO AE 68000"
dc7e5359-4ab4-423e-b18c-1e7fba1e9801,"Brett Lewis","39784 Miller Fort Suite 009
Davidhaven, WY 68027",available,"450 Davis Mountains Suite 870
North Connortown, MI 67756"
dd7d8584-009b-43d7-946c-3a95b609a919,"Megan Farrell","62367 Dickson Fords Suite 911
Georgeberg, SC 69891",available,"346 Anthony Heights
East Jessicaview, TX 62426"
ddb5ff5c-606f-4771-bc4a-32f86b5b6c5b,"John Watson","20174 Gary Stream Apt. 374
Andrewbury, GA 87270",available,"97469 Cardenas Garden Suite 636
South Carlosborough, AZ 64411"
df1aca66-416e-476c-9419-944c811c8406,"Madison Serrano","762 Oscar Rue
Port Brian, MO 92632",available,"775 Robinson Forges Suite 299
New Shannon, NY 05443"
e46f7768-55eb-49f0-8575-0572ae3eff1c,"Mary Ramos","69546 Olsen Springs
Jessicamouth, WA 30514",available,"81379 Tran Spurs Suite 568
South Jenna, WV 39251"
e4ab2e69-5ce3-44a1-91e5-bf9edc885ba0,"Louis Davis","PSC 7498, Box 5017
APO AA 82769",available,"3989 Smith Squares
North Barbaraview, DE 99030"
e7e599a2-b5f9-4306-8644-e6556f8c4f82,"Monique White","13155 Michael Union
Odonnellville, MD 69399",available,"89098 Romero Passage
Melissamouth, UT 33197"
e910be33-63f3-4b0a-b038-fdc3535070b7,"Dana Hamilton","311 Parker Corners Suite 827
Pamelafurt, WV 26810",available,"09620 Angela Drive
Kyliehaven, KS 52962"
ec912bf8-2a30-47ba-8683-4aab8ed10b0c,"Dylan Ross","5340 Carney Common Suite 509
Harperberg, TN 90837",available,"USNS Stanley
FPO AE 73219"
edae7419-a533-4f30-895f-106e5a35303e,"Karen Mullins","0837 Williamson Mission Apt. 185
Ayersburgh, CA 27445",available,"423 Wells Mills
East Carrie, KS 05350"
ef13d2e3-0b8d-4cf6-8884-f63d34d38d30,"Nicholas Freeman","841 Collins Springs Apt. 261
Port Spencermouth, ND 63437",available,"Unit 0623 Box 6510
DPO AA 44205"
f0672f1f-d463-4e2e-9e2e-71bcf239cc7f,"Alyssa Burgess","72192 Joshua Mountains
Hooverberg, IN 49845",available,"323 April Street
Nicholasview, ND 35940"
f0775672-d161-4ba3-8afd-61563d8f0e1e,"James Mann","USCGC Villegas
FPO AA 95417",available,"60011 Gilmore Run
East Jessicastad, MO 86649"
f3b09162-ebd4-4a22-89f7-a7ddbab59c3e,"Jill Contreras","0709 Wood Hill
Justinburgh, RI 83029",available,"66701 Jill Garden
Port Andrew, WY 47996"
f4a122ac-1e4b-4148-b825-df3423982164,"Cody Bryant","11892 Shannon Inlet Suite 142
New Dawnstad, WA 40455",available,"6965 Andrew Stream
Sanfordside, ME 58227"
f6259f62-f833-41ed-910c-41ee8aede8ad,"Shane Smith","3930 Fuentes Gardens
New Angelicaberg, UT 62252",available,"547 Lindsay Valley Suite 876
East Joshuahaven, MO 34932"
f8eab453-299f-4405-b95b-1e171943352b,"Brian Chang","05613 Pittman Mill
North Kayla, MT 65887",available,"40944 David Ports
Robinsonmouth, RI 74755"
fda350bd-4bd5-4450-87c9-58f5c29e705c,"Catherine Alvarez","70720 Morrison Pike
New Johnton, HI 03083",available,"641 Kathleen Lodge Apt. 008
Butlerland, WY 97753"